<?xml version="1.0" encoding="US-ASCII"?>
<!DOCTYPE catalog PUBLIC "-//OASIS//DTD Entity Resolution XML Catalog V1.0//EN" "http://www.oasis-open.org/committees/entity/release/1.0/catalog.dtd">
<catalog prefer="public" xmlns="urn:oasis:names:tc:entity:xmlns:xml:catalog">
  <uri name="http://publication.niem.gov/niem/codes/census_uscounty/3.0/1/" uri="codes/census_uscounty/3.0/1/census_uscounty.xsd"/>
  <uri name="http://publication.niem.gov/niem/codes/dea_ctlsub/3.0/1/" uri="codes/dea_ctlsub/3.0/1/dea.xsd"/>
  <uri name="http://publication.niem.gov/niem/codes/dea_ctlsub/3.0/2/" uri="codes/dea_ctlsub/3.0/2/dea.xsd"/>
  <uri name="http://publication.niem.gov/niem/codes/dod_jcs-pub2.0/3.0/1/" uri="codes/dod_jcs-pub2.0/3.0/1/dod_jcs-pub2.0.xsd"/>
  <uri name="http://publication.niem.gov/niem/codes/dot_hazmat/3.0/1/" uri="codes/dot_hazmat/3.0/1/dot_hazmat.xsd"/>
  <uri name="http://publication.niem.gov/niem/codes/nga_genc/3.0/1/" uri="codes/nga_genc/3.0/1/nga_genc.xsd"/>
  <uri name="http://publication.niem.gov/niem/codes/usps_states/3.0/1/" uri="codes/usps_states/3.0/1/usps_states.xsd"/>
  <uri name="http://publication.niem.gov/niem/niem-core/3.0/1/" uri="niem-core/3.0/1/niem-core.xsd"/>
  <uri name="http://publication.niem.gov/niem/niem-core/3.0/2/" uri="niem-core/3.0/2/niem-core.xsd"/>
  <uri name="http://publication.niem.gov/niem/niem-core/3.0/3/" uri="niem-core/3.0/3/niem-core.xsd"/>
  <uri name="http://release.niem.gov/niem/adapters/edxl-cap/3.0/" uri="adapters/edxl-cap/3.0/edxl-cap.xsd"/>
  <uri name="http://release.niem.gov/niem/adapters/edxl-de/3.0/" uri="adapters/edxl-de/3.0/edxl-de.xsd"/>
  <uri name="http://release.niem.gov/niem/adapters/edxl-have/3.0/" uri="adapters/edxl-have/3.0/edxl-have.xsd"/>
  <uri name="http://release.niem.gov/niem/adapters/geospatial/3.0/" uri="adapters/geospatial/3.0/geospatial.xsd"/>
  <uri name="http://release.niem.gov/niem/appinfo/3.0/" uri="appinfo/3.0/appinfo.xsd"/>
  <uri name="http://release.niem.gov/niem/codes/aamva_d20/3.2/" uri="codes/aamva_d20/3.2/aamva_d20.xsd"/>
  <uri name="http://release.niem.gov/niem/codes/apco_event/3.0/" uri="codes/apco_event/3.0/apco_event.xsd"/>
  <uri name="http://release.niem.gov/niem/codes/atf/3.0/" uri="codes/atf/3.0/atf.xsd"/>
  <uri name="http://release.niem.gov/niem/codes/canada_post/3.0/" uri="codes/canada_post/3.0/post-canada.xsd"/>
  <uri name="http://release.niem.gov/niem/codes/cbrncl/3.0/" uri="codes/cbrncl/3.0/cbrncl.xsd"/>
  <uri name="http://release.niem.gov/niem/codes/census_commodity/3.0/" uri="codes/census_commodity/3.0/census_commodity.xsd"/>
  <uri name="http://release.niem.gov/niem/codes/census_uscounty/3.0/" uri="codes/census_uscounty/3.0/census_uscounty.xsd"/>
  <uri name="http://release.niem.gov/niem/codes/core_misc/3.0/" uri="codes/core_misc/3.0/core_misc.xsd"/>
  <uri name="http://release.niem.gov/niem/codes/dea_ctlsub/3.0/" uri="codes/dea_ctlsub/3.0/dea.xsd"/>
  <uri name="http://release.niem.gov/niem/codes/dod_jcs-pub2.0/3.0/" uri="codes/dod_jcs-pub2.0/3.0/dod_jcs-pub2.0.xsd"/>
  <uri name="http://release.niem.gov/niem/codes/dol_soc/3.0/" uri="codes/dol_soc/3.0/dol_soc.xsd"/>
  <uri name="http://release.niem.gov/niem/codes/dot_hazmat/3.0/" uri="codes/dot_hazmat/3.0/dot_hazmat.xsd"/>
  <uri name="http://release.niem.gov/niem/codes/edxl_have/3.0/" uri="codes/edxl_have/3.0/have-codes.xsd"/>
  <uri name="http://release.niem.gov/niem/codes/edxl_rm/3.0/" uri="codes/edxl_rm/3.0/edxl_rm.xsd"/>
  <uri name="http://release.niem.gov/niem/codes/fbi_ncic/3.2/" uri="codes/fbi_ncic/3.2/fbi_ncic.xsd"/>
  <uri name="http://release.niem.gov/niem/codes/fbi_ndex/3.1/" uri="codes/fbi_ndex/3.1/fbi_ndex.xsd"/>
  <uri name="http://release.niem.gov/niem/codes/fbi_ucr/3.2/" uri="codes/fbi_ucr/3.2/fbi_ucr.xsd"/>
  <uri name="http://release.niem.gov/niem/codes/fips_10-4/3.0/" uri="codes/fips_10-4/3.0/fips_10-4.xsd"/>
  <uri name="http://release.niem.gov/niem/codes/fips_5-2/3.0/" uri="codes/fips_5-2/3.0/fips_5-2.xsd"/>
  <uri name="http://release.niem.gov/niem/codes/fips_6-4/3.0/" uri="codes/fips_6-4/3.0/fips_6-4.xsd"/>
  <uri name="http://release.niem.gov/niem/codes/hl7/3.0/" uri="codes/hl7/3.0/hl7.xsd"/>
  <uri name="http://release.niem.gov/niem/codes/iso_3166-1/3.0/" uri="codes/iso_3166-1/3.0/iso_3166-1.xsd"/>
  <uri name="http://release.niem.gov/niem/codes/iso_4217/3.0/" uri="codes/iso_4217/3.0/iso_4217.xsd"/>
  <uri name="http://release.niem.gov/niem/codes/iso_639-3/3.0/" uri="codes/iso_639-3/3.0/iso_639-3.xsd"/>
  <uri name="http://release.niem.gov/niem/codes/it_codes/3.0/" uri="codes/it_codes/3.0/it_codes.xsd"/>
  <uri name="http://release.niem.gov/niem/codes/jc3iedm/3.1/" uri="codes/jc3iedm/3.1/jc3iedm.xsd"/>
  <uri name="http://release.niem.gov/niem/codes/jp3-52/3.1/" uri="codes/jp3-52/3.1/jp3-52.xsd"/>
  <uri name="http://release.niem.gov/niem/codes/mmucc/3.2/" uri="codes/mmucc/3.2/mmucc.xsd"/>
  <uri name="http://release.niem.gov/niem/codes/nga_datum/3.0/" uri="codes/nga_datum/3.0/nga_datum.xsd"/>
  <uri name="http://release.niem.gov/niem/codes/nga_genc/3.0/" uri="codes/nga_genc/3.0/nga_genc.xsd"/>
  <uri name="http://release.niem.gov/niem/codes/nlets/3.0/" uri="codes/nlets/3.0/nlets.xsd"/>
  <uri name="http://release.niem.gov/niem/codes/occs_facility/3.0/" uri="codes/occs_facility/3.0/occs_facility.xsd"/>
  <uri name="http://release.niem.gov/niem/codes/pmise_sar/3.0/" uri="codes/pmise_sar/3.0/sar.xsd"/>
  <uri name="http://release.niem.gov/niem/codes/unece_rec20/3.0/" uri="codes/unece_rec20/3.0/unece_rec20-misc.xsd"/>
  <uri name="http://release.niem.gov/niem/codes/usps_states/3.0/" uri="codes/usps_states/3.0/usps_states.xsd"/>
  <uri name="http://release.niem.gov/niem/codes/xCard/3.0/" uri="codes/xCard/3.0/xCard.xsd"/>
  <uri name="http://release.niem.gov/niem/conformanceTargets/3.0/" uri="conformanceTargets/3.0/conformanceTargets.xsd"/>
  <uri name="http://release.niem.gov/niem/domains/biometrics/3.2/" uri="domains/biometrics/3.2/biom.xsd"/>
  <uri name="http://release.niem.gov/niem/domains/cbrn/3.2/" uri="domains/cbrn/3.2/cbrn.xsd"/>
  <uri name="http://release.niem.gov/niem/domains/cyfs/3.2/" uri="domains/cyfs/3.2/cyfs.xsd"/>
  <uri name="http://release.niem.gov/niem/domains/emergencyManagement/3.2/" uri="domains/emergencyManagement/3.2/emergencyManagement.xsd"/>
  <uri name="http://release.niem.gov/niem/domains/humanServices/3.2/" uri="domains/humanServices/3.2/hs.xsd"/>
  <uri name="http://release.niem.gov/niem/domains/immigration/3.2/" uri="domains/immigration/3.2/immigration.xsd"/>
  <uri name="http://release.niem.gov/niem/domains/infrastructureProtection/3.0/" uri="domains/infrastructureProtection/3.0/infrastructureProtection.xsd"/>
  <uri name="http://release.niem.gov/niem/domains/intelligence/3.2/" uri="domains/intelligence/3.2/intelligence.xsd"/>
  <uri name="http://release.niem.gov/niem/domains/internationalTrade/3.2/" uri="domains/internationalTrade/3.2/internationalTrade.xsd"/>
  <uri name="http://release.niem.gov/niem/domains/jxdm/5.2/" uri="domains/jxdm/5.2/jxdm.xsd"/>
  <uri name="http://release.niem.gov/niem/domains/maritime/3.2/" uri="domains/maritime/3.2/maritime.xsd"/>
  <uri name="http://release.niem.gov/niem/domains/militaryOperations/3.2/" uri="domains/militaryOperations/3.2/mo.xsd"/>
  <uri name="http://release.niem.gov/niem/domains/screening/3.2/" uri="domains/screening/3.2/screening.xsd"/>
  <uri name="http://release.niem.gov/niem/domains/surfaceTransportation/3.2/" uri="domains/surfaceTransportation/3.2/st.xsd"/>
  <uri name="http://release.niem.gov/niem/localTerminology/3.0/" uri="localTerminology/3.0/localTerminology.xsd"/>
  <uri name="http://release.niem.gov/niem/niem-core/3.0/" uri="niem-core/3.0/niem-core.xsd"/>
  <uri name="http://release.niem.gov/niem/proxy/xsd/3.0/" uri="proxy/xsd/3.0/xs.xsd"/>
  <uri name="http://release.niem.gov/niem/structures/3.0/" uri="structures/3.0/structures.xsd"/>
  <uri name="http://www.w3.org/XML/1998/namespace" uri="external/xml/1.0/xml.xsd"/>
  <uri name="urn:oasis:names:tc:emergency:EDXL:DE:1.0" uri="external/de/1.0/de.xsd"/>
  <uri name="urn:oasis:names:tc:emergency:cap:1.1" uri="external/cap/1.1/cap.xsd"/>
</catalog>